wiek,2014,2015,2016,2017,2018,2019,2020,2021,2022,2023,2024,2025,2026,2027,2028,2029,2030,2031,2032,2033,2034,2035,2036,2037,2038,2039,2040,2041,2042,2043,2044,2045,2046,2047,2048,2049,2050,2051,2052,2053,2054,2055,2056,2057,2058,2059,2060,2061,2062,2063,2064,2065,2066,2067,2068,2069,2070,2071,2072,2073,2074,2075,2076,2077,2078,2079,2080,2081,2082,2083,2084,2085,2086,2087,2088,2089,2090,2091,2092,2093,2094,2095,2096,2097,2098,2099,2100
0,"930,7","929,4","933,8","933,2","931,7","933,5","918,5","907,2","925,4","938,5","932,7","935,4","938,1","940,8","943,4","946,1","948,7","951,3","953,9","956,4","959,0","961,5","964,0","966,5","968,9","971,4","973,8","976,2","978,5","980,9","983,2","985,5","987,8","990,1","992,4","994,6","996,8","999,0","1 001,2","1 003,3","1 005,5","1 007,6","1 009,7","1 011,8","1 013,8","1 015,9","1 017,9","1 019,9","1 021,9","1 023,9","1 025,8","1 027,7","1 029,7","1 031,5","1 033,4","1 035,3","1 037,1","1 038,9","1 040,7","1 042,5","1 044,3","1 046,0","1 047,8","1 049,5","1 051,1","1 052,8","1 054,5","1 054,5","1 054,5","1 054,5","1 054,5","1 054,5","1 054,5","1 054,5","1 054,5","1 054,5","1 054,5","1 054,5","1 054,5","1 054,5","1 054,5","1 054,5","1 054,5","1 054,5","1 054,5","1 054,5","1 054,5"
1,"922,7","921,2","925,6","925,0","923,3","925,0","909,7","898,7","916,9","930,0","926,7","929,1","931,6","934,1","936,6","939,1","941,5","943,9","946,3","948,7","951,1","953,5","955,8","958,1","960,5","962,8","965,1","967,3","969,6","971,9","974,1","976,3","978,5","980,6","982,8","984,9","987,1","989,2","991,3","993,4","995,5","997,5","999,5","1 001,5","1 003,5","1 005,5","1 007,5","1 009,4","1 011,3","1 013,3","1 015,2","1 017,0","1 018,9","1 020,7","1 022,6","1 024,4","1 026,1","1 027,9","1 029,7","1 031,4","1 033,2","1 034,9","1 036,6","1 038,3","1 039,9","1 041,6","1 043,2","1 043,2","1 043,2","1 043,2","1 043,2","1 043,2","1 043,2","1 043,2","1 043,2","1 043,2","1 043,2","1 043,2","1 043,2","1 043,2","1 043,2","1 043,2","1 043,2","1 043,2","1 043,2","1 043,2","1 043,2"
2,"910,9","909,5","913,8","913,2","911,5","913,2","897,8","886,9","905,2","918,1","915,2","917,7","920,2","922,6","925,1","927,5","929,9","932,3","934,8","937,1","939,5","941,9","944,2","946,5","948,9","951,1","953,4","955,7","957,9","960,2","962,4","964,6","966,8","968,9","971,1","973,2","975,4","977,4","979,5","981,6","983,7","985,7","987,7","989,7","991,7","993,7","995,6","997,6","999,5","1 001,4","1 003,3","1 005,2","1 007,0","1 008,9","1 010,7","1 012,5","1 014,3","1 016,1","1 017,8","1 019,6","1 021,3","1 023,0","1 024,7","1 026,4","1 028,0","1 029,7","1 031,3","1 031,3","1 031,3","1 031,3","1 031,3","1 031,3","1 031,3","1 031,3","1 031,3","1 031,3","1 031,3","1 031,3","1 031,3","1 031,3","1 031,3","1 031,3","1 031,3","1 031,3","1 031,3","1 031,3","1 031,3"
3,"899,2","897,6","902,0","901,4","899,6","901,3","886,1","875,0","893,4","906,4","903,3","905,8","908,3","910,7","913,2","915,7","918,1","920,5","922,9","925,2","927,6","930,0","932,3","934,6","936,9","939,2","941,5","943,8","946,0","948,2","950,5","952,6","954,8","957,0","959,1","961,3","963,4","965,5","967,6","969,7","971,7","973,8","975,8","977,8","979,8","981,7","983,7","985,6","987,5","989,5","991,4","993,2","995,1","996,9","998,7","1 000,5","1 002,3","1 004,1","1 005,9","1 007,6","1 009,3","1 011,0","1 012,7","1 014,4","1 016,1","1 017,7","1 019,4","1 019,4","1 019,4","1 019,4","1 019,4","1 019,4","1 019,4","1 019,4","1 019,4","1 019,4","1 019,4","1 019,4","1 019,4","1 019,4","1 019,4","1 019,4","1 019,4","1 019,4","1 019,4","1 019,4","1 019,4"
4,"887,3","885,7","890,1","889,6","887,8","889,4","874,2","863,2","881,5","894,5","891,5","893,9","896,4","898,9","901,3","903,8","906,2","908,6","911,0","913,3","915,7","918,0","920,4","922,7","925,0","927,3","929,6","931,8","934,1","936,3","938,5","940,7","942,9","945,0","947,2","949,3","951,5","953,6","955,7","957,7","959,8","961,8","963,8","965,8","967,8","969,8","971,7","973,7","975,6","977,5","979,4","981,3","983,1","984,9","986,8","988,6","990,3","992,1","993,9","995,6","997,4","999,1","1 000,8","1 002,4","1 004,1","1 005,8","1 007,4","1 007,4","1 007,4","1 007,4","1 007,4","1 007,4","1 007,4","1 007,4","1 007,4","1 007,4","1 007,4","1 007,4","1 007,4","1 007,4","1 007,4","1 007,4","1 007,4","1 007,4","1 007,4","1 007,4","1 007,4"
5,"875,4","873,8","878,2","877,6","875,9","877,6","862,2","851,3","869,6","882,6","879,6","882,0","884,5","887,0","889,4","891,8","894,2","896,6","899,0","901,4","903,8","906,1","908,5","910,8","913,1","915,4","917,6","919,9","922,1","924,4","926,6","928,8","930,9","933,1","935,2","937,4","939,5","941,6","943,7","945,8","947,8","949,8","951,9","953,8","955,8","957,8","959,8","961,7","963,6","965,5","967,4","969,3","971,1","973,0","974,8","976,6","978,4","980,2","981,9","983,6","985,4","987,1","988,8","990,5","992,1","993,8","995,4","995,4","995,4","995,4","995,4","995,4","995,4","995,4","995,4","995,4","995,4","995,4","995,4","995,4","995,4","995,4","995,4","995,4","995,4","995,4","995,4"
6,"863,4","861,9","866,3","865,7","863,9","865,6","850,3","839,4","857,8","870,7","867,7","870,1","872,6","875,0","877,5","879,9","882,3","884,7","887,1","889,5","891,8","894,2","896,5","898,8","901,1","903,4","905,7","907,9","910,2","912,4","914,6","916,8","919,0","921,1","923,3","925,4","927,6","929,6","931,7","933,8","935,9","937,9","939,9","941,9","943,9","945,8","947,8","949,7","951,6","953,6","955,4","957,3","959,2","961,0","962,8","964,6","966,4","968,2","969,9","971,7","973,4","975,1","976,8","978,5","980,1","981,8","983,4","983,4","983,4","983,4","983,4","983,4","983,4","983,4","983,4","983,4","983,4","983,4","983,4","983,4","983,4","983,4","983,4","983,4","983,4","983,4","983,4"
7,"851,5","850,0","854,3","853,7","852,0","853,7","838,4","827,5","845,9","858,7","855,8","858,2","860,7","863,1","865,6","868,0","870,4","872,8","875,2","877,5","879,9","882,2","884,6","886,9","889,2","891,5","893,7","896,0","898,2","900,5","902,7","904,8","907,0","909,2","911,3","913,5","915,6","917,7","919,8","921,8","923,9","925,9","927,9","929,9","931,9","933,9","935,8","937,7","939,7","941,6","943,5","945,3","947,2","949,0","950,8","952,6","954,4","956,2","957,9","959,7","961,4","963,1","964,8","966,5","968,1","969,8","971,4","971,4","971,4","971,4","971,4","971,4","971,4","971,4","971,4","971,4","971,4","971,4","971,4","971,4","971,4","971,4","971,4","971,4","971,4","971,4","971,4"
8,"839,6","838,0","842,4","841,8","840,1","841,7","826,4","815,5","833,9","846,8","843,8","846,3","848,8","851,2","853,6","856,1","858,5","860,8","863,2","865,6","867,9","870,3","872,7","874,9","877,2","879,5","881,8","884,0","886,3","888,5","890,7","892,9","895,1","897,2","899,4","901,5","903,6","905,7","907,8","909,8","911,9","913,9","915,9","917,9","919,9","921,9","923,8","925,8","927,7","929,6","931,5","933,3","935,2","937,0","938,9","940,6","942,4","944,2","946,0","947,7","949,4","951,1","952,8","954,5","956,1","957,8","959,4","959,4","959,4","959,4","959,4","959,4","959,4","959,4","959,4","959,4","959,4","959,4","959,4","959,4","959,4","959,4","959,4","959,4","959,4","959,4","959,4"
9,"827,6","826,1","830,5","829,9","828,1","829,8","814,6","803,6","822,0","835,0","831,9","834,4","836,8","839,3","841,7","844,1","846,5","848,9","851,3","853,7","856,0","858,4","860,7","863,0","865,3","867,6","869,8","872,1","874,3","876,5","878,7","880,9","883,1","885,3","887,4","889,5","891,6","893,7","895,8","897,9","899,9","901,9","904,0","906,0","908,0","909,9","911,9","913,8","915,7","917,6","919,5","921,4","923,2","925,0","926,9","928,7","930,4","932,2","934,0","935,7","937,4","939,1","940,8","942,5","944,1","945,8","947,4","947,4","947,4","947,4","947,4","947,4","947,4","947,4","947,4","947,4","947,4","947,4","947,4","947,4","947,4","947,4","947,4","947,4","947,4","947,4","947,4"
10,"815,8","814,2","818,6","817,9","816,2","817,9","802,6","791,6","810,1","823,0","820,0","822,5","824,9","827,4","829,8","832,2","834,6","837,0","839,4","841,7","844,1","846,4","848,8","851,0","853,4","855,6","857,9","860,1","862,4","864,6","866,8","869,0","871,1","873,3","875,4","877,6","879,7","881,8","883,9","885,9","888,0","890,0","892,0","894,0","896,0","897,9","899,9","901,8","903,7","905,6","907,5","909,4","911,2","913,1","914,9","916,7","918,5","920,2","922,0","923,7","925,5","927,2","928,9","930,5","932,2","933,8","935,4","935,4","935,4","935,4","935,4","935,4","935,4","935,4","935,4","935,4","935,4","935,4","935,4","935,4","935,4","935,4","935,4","935,4","935,4","935,4","935,4"
11,"803,8","802,3","806,6","806,0","804,4","805,9","790,7","779,8","798,1","811,1","808,1","810,5","813,0","815,4","817,9","820,3","822,7","825,1","827,5","829,8","832,1","834,5","836,8","839,1","841,4","843,7","845,9","848,2","850,4","852,6","854,8","857,0","859,2","861,3","863,5","865,6","867,7","869,8","871,9","873,9","876,0","878,0","880,0","882,0","884,0","886,0","887,9","889,8","891,8","893,7","895,6","897,4","899,3","901,1","902,9","904,7","906,5","908,3","910,0","911,8","913,5","915,2","916,9","918,5","920,2","921,8","923,5","923,5","923,5","923,5","923,5","923,5","923,5","923,5","923,5","923,5","923,5","923,5","923,5","923,5","923,5","923,5","923,5","923,5","923,5","923,5","923,5"
12,"791,9","790,4","794,7","794,0","792,4","794,0","778,7","767,9","786,2","799,2","796,2","798,6","801,1","803,5","806,0","808,4","810,8","813,1","815,5","817,9","820,2","822,6","824,9","827,2","829,5","831,7","834,0","836,3","838,5","840,7","842,9","845,1","847,3","849,4","851,5","853,7","855,8","857,9","859,9","862,0","864,1","866,1","868,1","870,1","872,1","874,0","876,0","877,9","879,8","881,7","883,6","885,5","887,3","889,1","890,9","892,7","894,5","896,3","898,0","899,8","901,5","903,2","904,9","906,6","908,2","909,9","911,5","911,5","911,5","911,5","911,5","911,5","911,5","911,5","911,5","911,5","911,5","911,5","911,5","911,5","911,5","911,5","911,5","911,5","911,5","911,5","911,5"
13,"780,0","778,5","782,8","782,2","780,5","782,2","766,8","755,9","774,4","787,3","784,3","786,8","789,2","791,6","794,1","796,5","798,9","801,2","803,6","806,0","808,3","810,7","813,0","815,3","817,6","819,8","822,1","824,3","826,6","828,8","831,0","833,1","835,3","837,5","839,6","841,7","843,8","845,9","848,0","850,1","852,1","854,1","856,1","858,1","860,1","862,1","864,0","865,9","867,8","869,8","871,6","873,5","875,4","877,2","879,0","880,8","882,6","884,3","886,1","887,8","889,5","891,2","892,9","894,6","896,2","897,9","899,5","899,5","899,5","899,5","899,5","899,5","899,5","899,5","899,5","899,5","899,5","899,5","899,5","899,5","899,5","899,5","899,5","899,5","899,5","899,5","899,5"
14,"768,1","766,6","770,9","770,3","768,6","770,2","754,9","744,0","762,5","775,4","772,4","774,9","777,3","779,8","782,2","784,6","787,0","789,3","791,7","794,1","796,4","798,8","801,1","803,4","805,7","807,9","810,2","812,4","814,6","816,9","819,1","821,2","823,4","825,5","827,7","829,8","831,9","834,0","836,1","838,1","840,2","842,2","844,2","846,2","848,2","850,1","852,1","854,0","855,9","857,8","859,7","861,6","863,4","865,2","867,0","868,8","870,6","872,4","874,1","875,9","877,6","879,3","881,0","882,6","884,3","885,9","887,6","887,6","887,6","887,6","887,6","887,6","887,6","887,6","887,6","887,6","887,6","887,6","887,6","887,6","887,6","887,6","887,6","887,6","887,6","887,6","887,6"
15,"756,2","754,7","759,0","758,4","756,7","758,3","743,0","732,1","750,6","763,6","760,6","763,0","765,5","767,9","770,3","772,7","775,1","777,5","779,9","782,2","784,5","786,9","789,2","791,5","793,8","796,0","798,3","800,5","802,8","805,0","807,2","809,3","811,5","813,6","815,8","817,9","820,0","822,1","824,2","826,2","828,3","830,3","832,3","834,3","836,2","838,2","840,1","842,1","844,0","845,9","847,8","849,6","851,5","853,3","855,1","856,9","858,7","860,5","862,2","863,9","865,6","867,3","869,0","870,7","872,3","874,0","875,6","875,6","875,6","875,6","875,6","875,6","875,6","875,6","875,6","875,6","875,6","875,6","875,6","875,6","875,6","875,6","875,6","875,6","875,6","875,6","875,6"
16,"744,4","742,9","747,1","746,5","745,0","746,5","731,2","720,2","738,8","751,7","748,8","751,2","753,6","756,1","758,5","760,9","763,3","765,6","768,0","770,4","772,7","775,0","777,3","779,6","781,9","784,2","786,4","788,7","790,9","793,1","795,3","797,4","799,6","801,8","803,9","806,0","808,1","810,2","812,3","814,3","816,4","818,4","820,4","822,4","824,3","826,3","828,2","830,1","832,1","834,0","835,8","837,7","839,5","841,4","843,2","845,0","846,7","848,5","850,3","852,0","853,7","855,4","857,1","858,8","860,4","862,0","863,7","863,7","863,7","863,7","863,7","863,7","863,7","863,7","863,7","863,7","863,7","863,7","863,7","863,7","863,7","863,7","863,7","863,7","863,7","863,7","863,7"
17,"732,6","731,1","735,3","734,8","733,2","734,6","719,3","708,5","727,0","739,9","737,0","739,4","741,8","744,3","746,7","749,1","751,5","753,8","756,2","758,5","760,8","763,2","765,5","767,8","770,1","772,3","774,6","776,8","779,0","781,2","783,4","785,6","787,7","789,9","792,0","794,1","796,2","798,3","800,4","802,4","804,5","806,5","808,5","810,5","812,4","814,4","816,3","818,2","820,1","822,1","823,9","825,8","827,6","829,4","831,3","833,0","834,8","836,6","838,3","840,1","841,8","843,5","845,2","846,8","848,4","850,1","851,7","851,7","851,7","851,7","851,7","851,7","851,7","851,7","851,7","851,7","851,7","851,7","851,7","851,7","851,7","851,7","851,7","851,7","851,7","851,7","851,7"
18,"720,8","719,4","723,6","723,0","721,4","722,9","707,5","696,7","715,3","728,2","725,2","727,6","730,1","732,5","734,9","737,3","739,7","742,0","744,4","746,7","749,0","751,4","753,7","755,9","758,2","760,5","762,7","765,0","767,2","769,4","771,6","773,7","775,9","778,0","780,1","782,3","784,4","786,4","788,5","790,6","792,6","794,6","796,6","798,6","800,5","802,5","804,4","806,3","808,2","810,2","812,0","813,9","815,7","817,5","819,3","821,1","822,9","824,7","826,4","828,1","829,9","831,5","833,2","834,9","836,5","838,2","839,8","839,8","839,8","839,8","839,8","839,8","839,8","839,8","839,8","839,8","839,8","839,8","839,8","839,8","839,8","839,8","839,8","839,8","839,8","839,8","839,8"
19,"709,2","707,7","711,9","711,2","709,7","711,2","695,8","685,0","703,6","716,4","713,5","715,9","718,3","720,7","723,1","725,5","727,9","730,2","732,6","734,9","737,2","739,6","741,9","744,1","746,4","748,7","750,9","753,1","755,3","757,5","759,7","761,9","764,1","766,2","768,3","770,4","772,5","774,6","776,6","778,7","780,7","782,7","784,7","786,7","788,7","790,6","792,6","794,5","796,4","798,3","800,1","802,0","803,8","805,6","807,4","809,2","811,0","812,8","814,5","816,2","817,9","819,6","821,3","823,0","824,6","826,3","827,9","827,9","827,9","827,9","827,9","827,9","827,9","827,9","827,9","827,9","827,9","827,9","827,9","827,9","827,9","827,9","827,9","827,9","827,9","827,9","827,9"
20,"697,7","696,1","700,2","699,6","698,0","699,6","684,1","673,3","691,8","704,6","701,7","704,1","706,6","709,0","711,4","713,8","716,1","718,5","720,8","723,2","725,5","727,8","730,1","732,4","734,6","736,9","739,1","741,3","743,5","745,7","747,9","750,1","752,2","754,4","756,5","758,6","760,7","762,7","764,8","766,8","768,9","770,9","772,9","774,8","776,8","778,8","780,7","782,6","784,5","786,4","788,3","790,1","791,9","793,7","795,6","797,3","799,1","800,9","802,6","804,3","806,0","807,7","809,4","811,1","812,7","814,3","816,0","816,0","816,0","816,0","816,0","816,0","816,0","816,0","816,0","816,0","816,0","816,0","816,0","816,0","816,0","816,0","816,0","816,0","816,0","816,0","816,0"
21,"686,0","684,5","688,6","688,0","686,5","688,0","672,5","661,7","680,2","693,0","690,0","692,4","694,9","697,3","699,6","702,0","704,4","706,7","709,1","711,4","713,7","716,0","718,3","720,6","722,9","725,1","727,3","729,6","731,8","734,0","736,1","738,3","740,4","742,6","744,7","746,8","748,9","750,9","753,0","755,0","757,1","759,0","761,0","763,0","765,0","766,9","768,8","770,8","772,6","774,5","776,4","778,2","780,1","781,9","783,7","785,5","787,2","789,0","790,7","792,4","794,2","795,8","797,5","799,2","800,8","802,5","804,1","804,1","804,1","804,1","804,1","804,1","804,1","804,1","804,1","804,1","804,1","804,1","804,1","804,1","804,1","804,1","804,1","804,1","804,1","804,1","804,1"
22,"674,5","672,9","677,0","676,3","674,9","676,3","660,8","650,0","668,5","681,4","678,4","680,8","683,2","685,6","688,0","690,3","692,7","695,0","697,4","699,7","702,0","704,3","706,6","708,8","711,1","713,3","715,6","717,8","720,0","722,2","724,4","726,5","728,7","730,8","732,9","735,0","737,1","739,1","741,2","743,2","745,2","747,2","749,2","751,2","753,2","755,1","757,0","758,9","760,8","762,7","764,6","766,4","768,2","770,0","771,8","773,6","775,4","777,1","778,9","780,6","782,3","784,0","785,7","787,3","788,9","790,6","792,2","792,2","792,2","792,2","792,2","792,2","792,2","792,2","792,2","792,2","792,2","792,2","792,2","792,2","792,2","792,2","792,2","792,2","792,2","792,2","792,2"
23,"662,9","661,3","665,3","664,8","663,2","664,7","649,2","638,4","657,0","669,7","666,7","669,1","671,5","673,9","676,3","678,7","681,0","683,3","685,7","688,0","690,3","692,6","694,9","697,1","699,4","701,6","703,8","706,1","708,3","710,4","712,6","714,7","716,9","719,0","721,1","723,2","725,3","727,4","729,4","731,4","733,5","735,4","737,4","739,4","741,4","743,3","745,2","747,1","749,0","750,9","752,8","754,6","756,4","758,2","760,0","761,8","763,6","765,3","767,0","768,7","770,5","772,1","773,8","775,5","777,1","778,7","780,3","780,3","780,3","780,3","780,3","780,3","780,3","780,3","780,3","780,3","780,3","780,3","780,3","780,3","780,3","780,3","780,3","780,3","780,3","780,3","780,3"
24,"651,4","649,7","653,7","653,2","651,6","653,0","637,6","626,8","645,4","658,1","655,1","657,5","659,8","662,2","664,6","667,0","669,3","671,7","674,0","676,3","678,6","680,9","683,2","685,4","687,7","689,9","692,1","694,3","696,5","698,7","700,9","703,0","705,2","707,3","709,4","711,5","713,5","715,6","717,6","719,7","721,7","723,7","725,7","727,6","729,6","731,5","733,4","735,3","737,2","739,1","741,0","742,8","744,6","746,4","748,2","750,0","751,7","753,5","755,2","756,9","758,6","760,3","762,0","763,6","765,2","766,9","768,5","768,5","768,5","768,5","768,5","768,5","768,5","768,5","768,5","768,5","768,5","768,5","768,5","768,5","768,5","768,5","768,5","768,5","768,5","768,5","768,5"
25,"639,7","638,1","642,1","641,5","640,1","641,4","626,0","615,1","633,7","646,6","643,4","645,8","648,2","650,6","653,0","655,3","657,7","660,0","662,3","664,6","666,9","669,2","671,5","673,7","676,0","678,2","680,4","682,6","684,8","687,0","689,2","691,3","693,4","695,5","697,6","699,7","701,8","703,8","705,9","707,9","709,9","711,9","713,9","715,9","717,8","719,7","721,7","723,5","725,4","727,3","729,2","731,0","732,8","734,6","736,4","738,2","739,9","741,7","743,4","745,1","746,8","748,5","750,1","751,8","753,4","755,0","756,7","756,7","756,7","756,7","756,7","756,7","756,7","756,7","756,7","756,7","756,7","756,7","756,7","756,7","756,7","756,7","756,7","756,7","756,7","756,7","756,7"
26,"628,1","626,5","630,5","629,9","628,4","629,9","614,4","603,6","622,2","634,9","631,8","634,2","636,6","639,0","641,3","643,7","646,0","648,3","650,7","653,0","655,3","657,5","659,8","662,1","664,3","666,5","668,7","670,9","673,1","675,3","677,5","679,6","681,7","683,8","685,9","688,0","690,1","692,1","694,2","696,2","698,2","700,2","702,1","704,1","706,0","708,0","709,9","711,8","713,7","715,5","717,4","719,2","721,0","722,8","724,6","726,4","728,1","729,9","731,6","733,3","735,0","736,7","738,3","740,0","741,6","743,2","744,8","744,8","744,8","744,8","744,8","744,8","744,8","744,8","744,8","744,8","744,8","744,8","744,8","744,8","744,8","744,8","744,8","744,8","744,8","744,8","744,8"
27,"616,4","614,9","618,9","618,2","616,8","618,2","602,9","592,1","610,7","623,4","620,2","622,6","625,0","627,3","629,7","632,1","634,4","636,7","639,0","641,3","643,6","645,9","648,2","650,4","652,6","654,9","657,1","659,3","661,4","663,6","665,8","667,9","670,0","672,1","674,2","676,3","678,3","680,4","682,4","684,5","686,5","688,4","690,4","692,4","694,3","696,2","698,1","700,0","701,9","703,8","705,6","707,4","709,3","711,0","712,8","714,6","716,3","718,1","719,8","721,5","723,2","724,9","726,5","728,2","729,8","731,4","733,0","733,0","733,0","733,0","733,0","733,0","733,0","733,0","733,0","733,0","733,0","733,0","733,0","733,0","733,0","733,0","733,0","733,0","733,0","733,0","733,0"
28,"604,9","603,3","607,3","606,7","605,3","606,6","591,2","580,4","599,0","611,8","608,6","611,0","613,4","615,7","618,1","620,5","622,8","625,1","627,4","629,7","632,0","634,2","636,5","638,7","641,0","643,2","645,4","647,6","649,8","651,9","654,1","656,2","658,3","660,4","662,5","664,6","666,6","668,7","670,7","672,7","674,7","676,7","678,7","680,6","682,6","684,5","686,4","688,3","690,1","692,0","693,9","695,7","697,5","699,3","701,1","702,8","704,6","706,3","708,0","709,7","711,4","713,1","714,7","716,4","718,0","719,6","721,2","721,2","721,2","721,2","721,2","721,2","721,2","721,2","721,2","721,2","721,2","721,2","721,2","721,2","721,2","721,2","721,2","721,2","721,2","721,2","721,2"
29,"593,3","591,7","595,7","595,1","593,6","595,1","579,7","568,9","587,5","600,2","597,0","599,4","601,8","604,2","606,5","608,9","611,2","613,5","615,8","618,1","620,3","622,6","624,9","627,1","629,3","631,5","633,7","635,9","638,1","640,3","642,4","644,5","646,6","648,7","650,8","652,9","654,9","657,0","659,0","661,0","663,0","665,0","667,0","668,9","670,8","672,7","674,7","676,5","678,4","680,3","682,1","683,9","685,7","687,5","689,3","691,1","692,8","694,5","696,3","697,9","699,6","701,3","702,9","704,6","706,2","707,8","709,4","709,4","709,4","709,4","709,4","709,4","709,4","709,4","709,4","709,4","709,4","709,4","709,4","709,4","709,4","709,4","709,4","709,4","709,4","709,4","709,4"
30,"581,8","580,1","584,1","583,6","582,1","583,6","568,2","557,4","576,0","588,7","585,5","587,9","590,2","592,6","594,9","597,3","599,6","601,9","604,2","606,5","608,7","611,0","613,3","615,5","617,7","619,9","622,1","624,3","626,5","628,6","630,8","632,9","635,0","637,1","639,2","641,2","643,3","645,3","647,3","649,3","651,3","653,3","655,3","657,2","659,1","661,0","662,9","664,8","666,7","668,5","670,4","672,2","674,0","675,8","677,6","679,3","681,1","682,8","684,5","686,2","687,9","689,5","691,2","692,8","694,4","696,0","697,6","697,6","697,6","697,6","697,6","697,6","697,6","697,6","697,6","697,6","697,6","697,6","697,6","697,6","697,6","697,6","697,6","697,6","697,6","697,6","697,6"
31,"570,1","568,5","572,6","572,0","570,6","572,0","556,7","546,0","564,5","577,2","573,9","576,3","578,7","581,0","583,4","585,7","588,0","590,3","592,6","594,9","597,1","599,4","601,7","603,9","606,1","608,3","610,5","612,7","614,8","617,0","619,1","621,2","623,3","625,4","627,5","629,6","631,6","633,6","635,7","637,7","639,7","641,6","643,6","645,5","647,4","649,3","651,2","653,1","655,0","656,8","658,7","660,5","662,3","664,0","665,8","667,6","669,3","671,0","672,8","674,4","676,1","677,8","679,4","681,1","682,7","684,3","685,9","685,9","685,9","685,9","685,9","685,9","685,9","685,9","685,9","685,9","685,9","685,9","685,9","685,9","685,9","685,9","685,9","685,9","685,9","685,9","685,9"
32,"558,6","557,0","561,0","560,5","559,1","560,5","545,2","534,5","553,1","565,7","562,4","564,8","567,1","569,5","571,8","574,2","576,5","578,8","581,0","583,3","585,6","587,8","590,1","592,3","594,5","596,7","598,9","601,1","603,2","605,4","607,5","609,6","611,7","613,8","615,9","617,9","620,0","622,0","624,0","626,0","628,0","629,9","631,9","633,8","635,8","637,7","639,6","641,4","643,3","645,1","647,0","648,8","650,6","652,3","654,1","655,9","657,6","659,3","661,0","662,7","664,4","666,0","667,7","669,3","670,9","672,5","674,1","674,1","674,1","674,1","674,1","674,1","674,1","674,1","674,1","674,1","674,1","674,1","674,1","674,1","674,1","674,1","674,1","674,1","674,1","674,1","674,1"
33,"547,1","545,4","549,5","549,0","547,6","549,1","533,6","523,1","541,7","554,2","550,9","553,3","555,6","558,0","560,3","562,6","564,9","567,2","569,5","571,8","574,0","576,3","578,5","580,7","582,9","585,1","587,3","589,5","591,6","593,8","595,9","598,0","600,1","602,2","604,3","606,3","608,3","610,4","612,4","614,4","616,3","618,3","620,2","622,2","624,1","626,0","627,9","629,8","631,6","633,5","635,3","637,1","638,9","640,6","642,4","644,2","645,9","647,6","649,3","651,0","652,7","654,3","656,0","657,6","659,2","660,8","662,4","662,4","662,4","662,4","662,4","662,4","662,4","662,4","662,4","662,4","662,4","662,4","662,4","662,4","662,4","662,4","662,4","662,4","662,4","662,4","662,4"
34,"535,6","533,9","538,0","537,5","536,0","537,6","522,2","511,7","530,3","542,8","539,4","541,8","544,1","546,5","548,8","551,1","553,4","555,7","558,0","560,3","562,5","564,7","567,0","569,2","571,4","573,6","575,8","577,9","580,1","582,2","584,3","586,4","588,5","590,6","592,7","594,7","596,7","598,8","600,8","602,8","604,7","606,7","608,6","610,5","612,5","614,4","616,2","618,1","619,9","621,8","623,6","625,4","627,2","629,0","630,7","632,5","634,2","635,9","637,6","639,3","641,0","642,6","644,2","645,9","647,5","649,1","650,6","650,6","650,6","650,6","650,6","650,6","650,6","650,6","650,6","650,6","650,6","650,6","650,6","650,6","650,6","650,6","650,6","650,6","650,6","650,6","650,6"
35,"524,2","522,4","526,5","526,0","524,6","526,2","510,8","500,3","518,9","531,4","528,0","530,3","532,7","535,0","537,3","539,6","541,9","544,2","546,5","548,8","551,0","553,2","555,5","557,7","559,9","562,1","564,2","566,4","568,5","570,7","572,8","574,9","577,0","579,0","581,1","583,1","585,2","587,2","589,2","591,2","593,1","595,1","597,0","598,9","600,8","602,7","604,6","606,5","608,3","610,2","612,0","613,8","615,6","617,3","619,1","620,8","622,5","624,2","625,9","627,6","629,3","630,9","632,6","634,2","635,8","637,4","638,9","638,9","638,9","638,9","638,9","638,9","638,9","638,9","638,9","638,9","638,9","638,9","638,9","638,9","638,9","638,9","638,9","638,9","638,9","638,9","638,9"
36,"512,6","511,0","515,1","514,6","513,2","514,8","499,6","489,0","507,6","520,0","516,6","518,9","521,3","523,6","525,9","528,2","530,5","532,8","535,0","537,3","539,5","541,8","544,0","546,2","548,4","550,5","552,7","554,9","557,0","559,1","561,2","563,3","565,4","567,5","569,5","571,6","573,6","575,6","577,6","579,6","581,6","583,5","585,4","587,3","589,2","591,1","593,0","594,9","596,7","598,5","600,4","602,1","603,9","605,7","607,4","609,2","610,9","612,6","614,3","616,0","617,6","619,3","620,9","622,5","624,1","625,7","627,3","627,3","627,3","627,3","627,3","627,3","627,3","627,3","627,3","627,3","627,3","627,3","627,3","627,3","627,3","627,3","627,3","627,3","627,3","627,3","627,3"
37,"501,2","499,6","503,7","503,2","501,8","503,4","488,2","477,7","496,3","508,7","505,2","507,5","509,9","512,2","514,5","516,8","519,1","521,3","523,6","525,8","528,1","530,3","532,5","534,7","536,9","539,1","541,2","543,4","545,5","547,6","549,7","551,8","553,9","556,0","558,0","560,0","562,1","564,1","566,1","568,0","570,0","571,9","573,9","575,8","577,7","579,6","581,4","583,3","585,1","586,9","588,8","590,5","592,3","594,1","595,8","597,5","599,3","601,0","602,6","604,3","606,0","607,6","609,2","610,8","612,4","614,0","615,6","615,6","615,6","615,6","615,6","615,6","615,6","615,6","615,6","615,6","615,6","615,6","615,6","615,6","615,6","615,6","615,6","615,6","615,6","615,6","615,6"
38,"490,0","488,2","492,3","491,8","490,4","492,1","476,9","466,4","485,0","497,3","493,8","496,2","498,5","500,8","503,1","505,4","507,7","509,9","512,2","514,4","516,7","518,9","521,1","523,3","525,5","527,6","529,8","531,9","534,1","536,2","538,3","540,4","542,4","544,5","546,5","548,5","550,6","552,6","554,5","556,5","558,5","560,4","562,3","564,2","566,1","568,0","569,9","571,7","573,5","575,4","577,2","579,0","580,7","582,5","584,2","585,9","587,7","589,3","591,0","592,7","594,4","596,0","597,6","599,2","600,8","602,4","603,9","603,9","603,9","603,9","603,9","603,9","603,9","603,9","603,9","603,9","603,9","603,9","603,9","603,9","603,9","603,9","603,9","603,9","603,9","603,9","603,9"
39,"478,6","476,9","481,0","480,5","479,2","480,8","465,6","455,3","473,8","486,1","482,5","484,9","487,2","489,5","491,8","494,1","496,3","498,6","500,8","503,1","505,3","507,5","509,7","511,9","514,1","516,2","518,4","520,5","522,6","524,7","526,8","528,9","531,0","533,0","535,1","537,1","539,1","541,1","543,1","545,0","547,0","548,9","550,8","552,7","554,6","556,5","558,3","560,2","562,0","563,8","565,6","567,4","569,2","570,9","572,7","574,4","576,1","577,8","579,4","581,1","582,8","584,4","586,0","587,6","589,2","590,7","592,3","592,3","592,3","592,3","592,3","592,3","592,3","592,3","592,3","592,3","592,3","592,3","592,3","592,3","592,3","592,3","592,3","592,3","592,3","592,3","592,3"
40,"467,3","465,6","469,7","469,2","467,9","469,6","454,4","444,1","462,6","474,8","471,3","473,6","475,9","478,2","480,5","482,8","485,0","487,3","489,5","491,7","494,0","496,2","498,4","500,5","502,7","504,9","507,0","509,1","511,2","513,3","515,4","517,5","519,6","521,6","523,6","525,6","527,6","529,6","531,6","533,6","535,5","537,4","539,3","541,2","543,1","545,0","546,8","548,7","550,5","552,3","554,1","555,9","557,6","559,4","561,1","562,8","564,5","566,2","567,9","569,5","571,2","572,8","574,4","576,0","577,6","579,1","580,7","580,7","580,7","580,7","580,7","580,7","580,7","580,7","580,7","580,7","580,7","580,7","580,7","580,7","580,7","580,7","580,7","580,7","580,7","580,7","580,7"
41,"456,1","454,4","458,5","457,9","456,7","458,3","443,3","433,0","451,4","463,7","460,1","462,4","464,7","467,0","469,2","471,5","473,8","476,0","478,2","480,5","482,7","484,9","487,1","489,2","491,4","493,5","495,7","497,8","499,9","502,0","504,1","506,1","508,2","510,2","512,2","514,2","516,2","518,2","520,2","522,1","524,1","526,0","527,9","529,8","531,7","533,5","535,4","537,2","539,0","540,8","542,6","544,4","546,1","547,8","549,6","551,3","553,0","554,7","556,3","558,0","559,6","561,2","562,8","564,4","566,0","567,6","569,1","569,1","569,1","569,1","569,1","569,1","569,1","569,1","569,1","569,1","569,1","569,1","569,1","569,1","569,1","569,1","569,1","569,1","569,1","569,1","569,1"
42,"445,0","443,2","447,3","446,8","445,6","447,1","432,1","421,9","440,3","452,4","448,9","451,2","453,5","455,8","458,0","460,3","462,5","464,8","467,0","469,2","471,4","473,6","475,8","478,0","480,1","482,2","484,4","486,5","488,6","490,7","492,7","494,8","496,8","498,9","500,9","502,9","504,9","506,8","508,8","510,7","512,7","514,6","516,5","518,4","520,2","522,1","523,9","525,7","527,5","529,3","531,1","532,9","534,6","536,4","538,1","539,8","541,5","543,1","544,8","546,4","548,1","549,7","551,3","552,9","554,4","556,0","557,5","557,5","557,5","557,5","557,5","557,5","557,5","557,5","557,5","557,5","557,5","557,5","557,5","557,5","557,5","557,5","557,5","557,5","557,5","557,5","557,5"
43,"433,9","432,1","436,2","435,7","434,5","436,0","421,1","410,9","429,2","441,4","437,8","440,1","442,4","444,6","446,9","449,1","451,4","453,6","455,8","458,0","460,2","462,4","464,6","466,7","468,9","471,0","473,1","475,2","477,3","479,4","481,5","483,5","485,5","487,6","489,6","491,6","493,5","495,5","497,4","499,4","501,3","503,2","505,1","507,0","508,8","510,7","512,5","514,3","516,1","517,9","519,7","521,5","523,2","524,9","526,6","528,3","530,0","531,7","533,3","535,0","536,6","538,2","539,8","541,4","542,9","544,5","546,0","546,0","546,0","546,0","546,0","546,0","546,0","546,0","546,0","546,0","546,0","546,0","546,0","546,0","546,0","546,0","546,0","546,0","546,0","546,0","546,0"
44,"422,9","421,1","425,2","424,7","423,5","424,9","410,0","400,0","418,2","430,2","426,7","429,0","431,3","433,6","435,8","438,0","440,3","442,5","444,7","446,9","449,1","451,3","453,4","455,6","457,7","459,8","461,9","464,0","466,1","468,2","470,2","472,3","474,3","476,3","478,3","480,3","482,3","484,2","486,1","488,1","490,0","491,9","493,8","495,6","497,5","499,3","501,2","503,0","504,7","506,5","508,3","510,0","511,8","513,5","515,2","516,9","518,6","520,2","521,9","523,5","525,1","526,7","528,3","529,9","531,4","533,0","534,5","534,5","534,5","534,5","534,5","534,5","534,5","534,5","534,5","534,5","534,5","534,5","534,5","534,5","534,5","534,5","534,5","534,5","534,5","534,5","534,5"
45,"412,0","410,2","414,3","413,8","412,6","413,9","399,1","389,2","407,2","419,3","415,8","418,0","420,3","422,5","424,8","427,0","429,2","431,4","433,6","435,8","438,0","440,2","442,3","444,4","446,6","448,7","450,8","452,9","454,9","457,0","459,0","461,1","463,1","465,1","467,1","469,1","471,0","473,0","474,9","476,8","478,7","480,6","482,5","484,3","486,2","488,0","489,8","491,6","493,4","495,2","496,9","498,7","500,4","502,1","503,8","505,5","507,2","508,8","510,5","512,1","513,7","515,3","516,9","518,4","520,0","521,5","523,0","523,0","523,0","523,0","523,0","523,0","523,0","523,0","523,0","523,0","523,0","523,0","523,0","523,0","523,0","523,0","523,0","523,0","523,0","523,0","523,0"
46,"401,2","399,3","403,4","402,8","401,8","403,1","388,3","378,4","396,4","408,2","404,8","407,1","409,4","411,6","413,8","416,1","418,3","420,5","422,6","424,8","427,0","429,1","431,3","433,4","435,5","437,6","439,7","441,8","443,8","445,9","447,9","449,9","451,9","453,9","455,9","457,9","459,8","461,8","463,7","465,6","467,5","469,4","471,2","473,1","474,9","476,7","478,5","480,3","482,1","483,9","485,6","487,4","489,1","490,8","492,5","494,1","495,8","497,4","499,1","500,7","502,3","503,9","505,4","507,0","508,5","510,1","511,6","511,6","511,6","511,6","511,6","511,6","511,6","511,6","511,6","511,6","511,6","511,6","511,6","511,6","511,6","511,6","511,6","511,6","511,6","511,6","511,6"
47,"390,4","388,6","392,6","392,0","391,0","392,3","377,5","367,7","385,6","397,3","394,0","396,3","398,5","400,7","402,9","405,2","407,4","409,5","411,7","413,9","416,0","418,2","420,3","422,4","424,5","426,6","428,7","430,7","432,8","434,8","436,8","438,8","440,8","442,8","444,8","446,7","448,7","450,6","452,5","454,4","456,3","458,2","460,0","461,9","463,7","465,5","467,3","469,1","470,8","472,6","474,4","476,1","477,8","479,5","481,2","482,8","484,5","486,1","487,7","489,3","490,9","492,5","494,1","495,6","497,1","498,7","500,2","500,2","500,2","500,2","500,2","500,2","500,2","500,2","500,2","500,2","500,2","500,2","500,2","500,2","500,2","500,2","500,2","500,2","500,2","500,2","500,2"
48,"379,7","377,9","382,0","381,4","380,2","381,5","366,8","357,1","374,8","386,5","383,3","385,5","387,7","389,9","392,1","394,3","396,5","398,7","400,9","403,0","405,1","407,3","409,4","411,5","413,6","415,6","417,7","419,8","421,8","423,8","425,8","427,8","429,8","431,8","433,7","435,7","437,6","439,5","441,4","443,3","445,2","447,0","448,9","450,7","452,5","454,3","456,1","457,9","459,6","461,4","463,1","464,8","466,5","468,2","469,9","471,5","473,2","474,8","476,4","478,0","479,6","481,1","482,7","484,2","485,8","487,3","488,8","488,8","488,8","488,8","488,8","488,8","488,8","488,8","488,8","488,8","488,8","488,8","488,8","488,8","488,8","488,8","488,8","488,8","488,8","488,8","488,8"
49,"369,1","367,4","371,4","370,8","369,6","370,9","356,3","346,7","364,1","375,7","372,6","374,8","377,0","379,2","381,4","383,6","385,8","387,9","390,1","392,2","394,3","396,4","398,5","400,6","402,7","404,8","406,8","408,8","410,9","412,9","414,9","416,9","418,8","420,8","422,7","424,7","426,6","428,5","430,4","432,2","434,1","435,9","437,8","439,6","441,4","443,2","445,0","446,7","448,5","450,2","451,9","453,6","455,3","457,0","458,6","460,3","461,9","463,5","465,1","466,7","468,3","469,8","471,4","472,9","474,4","475,9","477,4","477,4","477,4","477,4","477,4","477,4","477,4","477,4","477,4","477,4","477,4","477,4","477,4","477,4","477,4","477,4","477,4","477,4","477,4","477,4","477,4"
50,"358,7","356,9","360,9","360,2","359,0","360,4","345,8","336,2","353,6","365,2","362,0","364,2","366,4","368,6","370,8","373,0","375,1","377,2","379,4","381,5","383,6","385,7","387,8","389,8","391,9","393,9","396,0","398,0","400,0","402,0","404,0","405,9","407,9","409,9","411,8","413,7","415,6","417,5","419,4","421,2","423,1","424,9","426,7","428,5","430,3","432,1","433,9","435,6","437,3","439,1","440,8","442,4","444,1","445,8","447,4","449,1","450,7","452,3","453,9","455,4","457,0","458,6","460,1","461,6","463,1","464,6","466,1","466,1","466,1","466,1","466,1","466,1","466,1","466,1","466,1","466,1","466,1","466,1","466,1","466,1","466,1","466,1","466,1","466,1","466,1","466,1","466,1"
51,"348,4","346,6","350,6","349,9","348,7","349,9","335,4","325,9","343,1","354,6","351,6","353,8","355,9","358,1","360,2","362,4","364,5","366,6","368,7","370,8","372,9","375,0","377,1","379,1","381,2","383,2","385,2","387,2","389,2","391,2","393,2","395,1","397,0","399,0","400,9","402,8","404,7","406,5","408,4","410,3","412,1","413,9","415,7","417,5","419,3","421,0","422,8","424,5","426,2","427,9","429,6","431,3","433,0","434,6","436,3","437,9","439,5","441,1","442,6","444,2","445,8","447,3","448,8","450,3","451,8","453,3","454,8","454,8","454,8","454,8","454,8","454,8","454,8","454,8","454,8","454,8","454,8","454,8","454,8","454,8","454,8","454,8","454,8","454,8","454,8","454,8","454,8"
52,"338,2","336,4","340,3","339,6","338,4","339,6","325,2","315,7","332,8","344,0","341,2","343,4","345,5","347,7","349,8","351,9","354,0","356,1","358,2","360,3","362,4","364,4","366,5","368,5","370,5","372,5","374,5","376,5","378,5","380,5","382,4","384,3","386,3","388,2","390,1","391,9","393,8","395,7","397,5","399,3","401,2","403,0","404,7","406,5","408,3","410,0","411,8","413,5","415,2","416,9","418,6","420,2","421,9","423,5","425,1","426,7","428,3","429,9","431,5","433,0","434,6","436,1","437,6","439,1","440,6","442,0","443,5","443,5","443,5","443,5","443,5","443,5","443,5","443,5","443,5","443,5","443,5","443,5","443,5","443,5","443,5","443,5","443,5","443,5","443,5","443,5","443,5"
53,"328,1","326,3","330,2","329,5","328,2","329,4","315,0","305,6","322,6","333,7","331,0","333,1","335,2","337,3","339,4","341,6","343,6","345,7","347,8","349,8","351,9","353,9","355,9","358,0","360,0","361,9","363,9","365,9","367,8","369,8","371,7","373,6","375,5","377,4","379,3","381,2","383,0","384,8","386,7","388,5","390,3","392,1","393,8","395,6","397,3","399,1","400,8","402,5","404,2","405,9","407,5","409,2","410,8","412,4","414,0","415,6","417,2","418,8","420,3","421,8","423,4","424,9","426,4","427,9","429,3","430,8","432,2","432,2","432,2","432,2","432,2","432,2","432,2","432,2","432,2","432,2","432,2","432,2","432,2","432,2","432,2","432,2","432,2","432,2","432,2","432,2","432,2"
54,"318,2","316,3","320,2","319,4","318,1","319,2","305,0","295,8","312,5","323,4","320,8","322,9","325,0","327,1","329,2","331,3","333,4","335,4","337,4","339,5","341,5","343,5","345,5","347,5","349,5","351,4","353,4","355,3","357,3","359,2","361,1","363,0","364,9","366,7","368,6","370,4","372,3","374,1","375,9","377,7","379,5","381,2","383,0","384,7","386,5","388,2","389,9","391,5","393,2","394,9","396,5","398,2","399,8","401,4","403,0","404,5","406,1","407,7","409,2","410,7","412,2","413,7","415,2","416,7","418,1","419,6","421,0","421,0","421,0","421,0","421,0","421,0","421,0","421,0","421,0","421,0","421,0","421,0","421,0","421,0","421,0","421,0","421,0","421,0","421,0","421,0","421,0"
55,"308,4","306,5","310,4","309,6","308,2","309,2","295,2","286,0","302,4","313,2","310,8","312,9","315,0","317,0","319,1","321,1","323,2","325,2","327,2","329,2","331,2","333,2","335,2","337,1","339,1","341,0","343,0","344,9","346,8","348,7","350,6","352,4","354,3","356,1","358,0","359,8","361,6","363,4","365,2","367,0","368,7","370,5","372,2","373,9","375,6","377,3","379,0","380,7","382,3","384,0","385,6","387,2","388,8","390,4","392,0","393,5","395,1","396,6","398,1","399,6","401,1","402,6","404,1","405,5","407,0","408,4","409,8","409,8","409,8","409,8","409,8","409,8","409,8","409,8","409,8","409,8","409,8","409,8","409,8","409,8","409,8","409,8","409,8","409,8","409,8","409,8","409,8"
56,"298,7","296,8","300,7","299,8","298,3","299,4","285,4","276,2","292,6","303,2","300,9","303,0","305,0","307,1","309,1","311,1","313,1","315,1","317,1","319,1","321,0","323,0","324,9","326,9","328,8","330,7","332,6","334,5","336,4","338,3","340,1","342,0","343,8","345,6","347,4","349,2","351,0","352,8","354,6","356,3","358,0","359,8","361,5","363,2","364,9","366,5","368,2","369,8","371,5","373,1","374,7","376,3","377,9","379,4","381,0","382,5","384,1","385,6","387,1","388,6","390,1","391,5","393,0","394,4","395,8","397,3","398,6","398,6","398,6","398,6","398,6","398,6","398,6","398,6","398,6","398,6","398,6","398,6","398,6","398,6","398,6","398,6","398,6","398,6","398,6","398,6","398,6"
57,"289,2","287,3","291,1","290,2","288,7","289,7","275,8","266,6","282,7","293,3","291,2","293,2","295,2","297,2","299,2","301,2","303,2","305,1","307,1","309,0","311,0","312,9","314,8","316,7","318,6","320,5","322,4","324,3","326,1","327,9","329,8","331,6","333,4","335,2","337,0","338,8","340,5","342,3","344,0","345,7","347,4","349,1","350,8","352,5","354,2","355,8","357,5","359,1","360,7","362,3","363,9","365,4","367,0","368,6","370,1","371,6","373,1","374,6","376,1","377,6","379,0","380,5","381,9","383,3","384,7","386,1","387,5","387,5","387,5","387,5","387,5","387,5","387,5","387,5","387,5","387,5","387,5","387,5","387,5","387,5","387,5","387,5","387,5","387,5","387,5","387,5","387,5"
58,"279,8","277,9","281,7","280,7","279,2","280,1","266,3","257,3","273,1","283,4","281,6","283,6","285,5","287,5","289,5","291,4","293,4","295,3","297,2","299,1","301,0","302,9","304,8","306,7","308,5","310,4","312,2","314,1","315,9","317,7","319,5","321,3","323,1","324,9","326,6","328,4","330,1","331,8","333,5","335,2","336,9","338,6","340,2","341,9","343,5","345,2","346,8","348,4","350,0","351,5","353,1","354,7","356,2","357,7","359,2","360,7","362,2","363,7","365,2","366,6","368,1","369,5","370,9","372,3","373,7","375,1","376,4","376,4","376,4","376,4","376,4","376,4","376,4","376,4","376,4","376,4","376,4","376,4","376,4","376,4","376,4","376,4","376,4","376,4","376,4","376,4","376,4"
59,"270,5","268,6","272,4","271,3","269,9","270,7","256,9","248,0","263,6","273,7","272,1","274,1","276,0","277,9","279,8","281,8","283,7","285,6","287,4","289,3","291,2","293,0","294,9","296,7","298,6","300,4","302,2","304,0","305,8","307,6","309,3","311,1","312,9","314,6","316,3","318,0","319,7","321,4","323,1","324,8","326,4","328,1","329,7","331,4","333,0","334,6","336,2","337,7","339,3","340,9","342,4","343,9","345,4","346,9","348,4","349,9","351,4","352,8","354,3","355,7","357,1","358,5","359,9","361,3","362,7","364,1","365,4","365,4","365,4","365,4","365,4","365,4","365,4","365,4","365,4","365,4","365,4","365,4","365,4","365,4","365,4","365,4","365,4","365,4","365,4","365,4","365,4"
60,"261,4","259,5","263,2","262,2","260,8","261,5","247,7","238,9","254,3","264,2","262,8","264,7","266,6","268,5","270,4","272,2","274,1","275,9","277,8","279,6","281,5","283,3","285,1","286,9","288,7","290,5","292,3","294,0","295,8","297,5","299,3","301,0","302,7","304,4","306,1","307,8","309,5","311,1","312,8","314,4","316,1","317,7","319,3","320,9","322,5","324,0","325,6","327,2","328,7","330,2","331,7","333,2","334,7","336,2","337,7","339,1","340,6","342,0","343,4","344,9","346,3","347,6","349,0","350,4","351,7","353,1","354,4","354,4","354,4","354,4","354,4","354,4","354,4","354,4","354,4","354,4","354,4","354,4","354,4","354,4","354,4","354,4","354,4","354,4","354,4","354,4","354,4"
61,"252,4","250,6","254,2","253,1","251,6","252,4","238,7","230,0","245,2","254,9","253,6","255,5","257,3","259,2","261,0","262,8","264,7","266,5","268,3","270,1","271,9","273,6","275,4","277,2","278,9","280,7","282,4","284,2","285,9","287,6","289,3","291,0","292,7","294,3","296,0","297,7","299,3","300,9","302,6","304,2","305,8","307,4","308,9","310,5","312,1","313,6","315,1","316,7","318,2","319,7","321,2","322,6","324,1","325,5","327,0","328,4","329,9","331,3","332,7","334,0","335,4","336,8","338,1","339,5","340,8","342,1","343,4","343,4","343,4","343,4","343,4","343,4","343,4","343,4","343,4","343,4","343,4","343,4","343,4","343,4","343,4","343,4","343,4","343,4","343,4","343,4","343,4"
62,"243,6","241,7","245,4","244,2","242,9","243,5","229,9","221,3","236,0","245,6","244,6","246,4","248,2","250,0","251,8","253,6","255,3","257,1","258,9","260,6","262,4","264,1","265,9","267,6","269,3","271,0","272,7","274,4","276,1","277,8","279,4","281,1","282,7","284,4","286,0","287,6","289,2","290,8","292,4","294,0","295,5","297,1","298,6","300,2","301,7","303,2","304,7","306,2","307,7","309,2","310,6","312,1","313,5","315,0","316,4","317,8","319,2","320,6","321,9","323,3","324,7","326,0","327,3","328,6","330,0","331,3","332,5","332,5","332,5","332,5","332,5","332,5","332,5","332,5","332,5","332,5","332,5","332,5","332,5","332,5","332,5","332,5","332,5","332,5","332,5","332,5","332,5"
63,"234,8","233,1","236,6","235,4","234,1","234,7","221,2","212,8","227,2","236,5","235,7","237,4","239,2","240,9","242,7","244,4","246,2","247,9","249,6","251,3","253,0","254,7","256,4","258,1","259,8","261,4","263,1","264,8","266,4","268,0","269,7","271,3","272,9","274,5","276,1","277,7","279,2","280,8","282,3","283,9","285,4","286,9","288,5","290,0","291,5","292,9","294,4","295,9","297,3","298,8","300,2","301,6","303,0","304,4","305,8","307,2","308,6","309,9","311,3","312,6","313,9","315,3","316,6","317,9","319,1","320,4","321,7","321,7","321,7","321,7","321,7","321,7","321,7","321,7","321,7","321,7","321,7","321,7","321,7","321,7","321,7","321,7","321,7","321,7","321,7","321,7","321,7"
64,"226,2","224,5","228,1","226,8","225,5","226,1","212,6","204,4","218,5","227,6","226,9","228,6","230,3","232,0","233,7","235,4","237,1","238,8","240,5","242,1","243,8","245,4","247,1","248,7","250,4","252,0","253,6","255,2","256,8","258,4","260,0","261,6","263,2","264,7","266,3","267,8","269,3","270,9","272,4","273,9","275,4","276,9","278,4","279,8","281,3","282,7","284,2","285,6","287,0","288,4","289,8","291,2","292,6","294,0","295,3","296,7","298,0","299,4","300,7","302,0","303,3","304,6","305,9","307,1","308,4","309,7","310,9","310,9","310,9","310,9","310,9","310,9","310,9","310,9","310,9","310,9","310,9","310,9","310,9","310,9","310,9","310,9","310,9","310,9","310,9","310,9","310,9"
65,"217,7","216,1","219,6","218,4","217,1","217,6","204,4","196,2","210,0","218,9","218,3","219,9","221,6","223,3","224,9","226,6","228,2","229,8","231,4","233,1","234,7","236,3","237,9","239,5","241,1","242,7","244,2","245,8","247,4","248,9","250,5","252,0","253,5","255,0","256,5","258,1","259,5","261,0","262,5","264,0","265,4","266,9","268,3","269,8","271,2","272,6","274,0","275,4","276,8","278,2","279,6","280,9","282,3","283,6","284,9","286,3","287,6","288,9","290,2","291,5","292,7","294,0","295,3","296,5","297,7","299,0","300,2","300,2","300,2","300,2","300,2","300,2","300,2","300,2","300,2","300,2","300,2","300,2","300,2","300,2","300,2","300,2","300,2","300,2","300,2","300,2","300,2"
66,"209,4","207,8","211,3","210,0","208,8","209,3","196,1","188,3","201,6","210,4","209,8","211,4","213,0","214,6","216,2","217,8","219,4","221,0","222,5","224,1","225,7","227,2","228,8","230,3","231,9","233,4","235,0","236,5","238,0","239,5","241,0","242,5","244,0","245,5","246,9","248,4","249,9","251,3","252,7","254,2","255,6","257,0","258,4","259,8","261,2","262,6","264,0","265,3","266,7","268,0","269,4","270,7","272,0","273,3","274,6","275,9","277,2","278,5","279,7","281,0","282,2","283,5","284,7","285,9","287,1","288,3","289,5","289,5","289,5","289,5","289,5","289,5","289,5","289,5","289,5","289,5","289,5","289,5","289,5","289,5","289,5","289,5","289,5","289,5","289,5","289,5","289,5"
67,"201,1","199,5","203,0","201,7","200,6","201,1","188,0","180,5","193,4","202,0","201,4","203,0","204,5","206,1","207,6","209,2","210,7","212,2","213,8","215,3","216,8","218,3","219,8","221,3","222,8","224,3","225,8","227,3","228,7","230,2","231,7","233,1","234,6","236,0","237,4","238,9","240,3","241,7","243,1","244,5","245,9","247,2","248,6","250,0","251,3","252,7","254,0","255,3","256,7","258,0","259,3","260,6","261,9","263,1","264,4","265,7","266,9","268,2","269,4","270,6","271,8","273,0","274,2","275,4","276,6","277,8","278,9","278,9","278,9","278,9","278,9","278,9","278,9","278,9","278,9","278,9","278,9","278,9","278,9","278,9","278,9","278,9","278,9","278,9","278,9","278,9","278,9"
68,"192,8","191,4","194,9","193,7","192,6","193,0","180,1","172,8","185,3","193,7","193,1","194,6","196,1","197,6","199,1","200,6","202,1","203,6","205,1","206,6","208,0","209,5","211,0","212,4","213,9","215,3","216,7","218,2","219,6","221,0","222,4","223,8","225,2","226,6","228,0","229,4","230,8","232,2","233,5","234,9","236,2","237,6","238,9","240,2","241,5","242,8","244,1","245,4","246,7","248,0","249,3","250,5","251,8","253,0","254,3","255,5","256,7","257,9","259,1","260,3","261,5","262,7","263,8","265,0","266,2","267,3","268,4","268,4","268,4","268,4","268,4","268,4","268,4","268,4","268,4","268,4","268,4","268,4","268,4","268,4","268,4","268,4","268,4","268,4","268,4","268,4","268,4"
69,"184,8","183,4","186,9","185,6","184,7","185,0","172,4","165,2","177,4","185,5","185,0","186,4","187,9","189,3","190,8","192,2","193,7","195,1","196,5","197,9","199,4","200,8","202,2","203,6","205,0","206,4","207,8","209,2","210,6","211,9","213,3","214,7","216,0","217,4","218,7","220,1","221,4","222,7","224,0","225,4","226,7","228,0","229,2","230,5","231,8","233,1","234,3","235,6","236,8","238,1","239,3","240,5","241,8","243,0","244,2","245,4","246,6","247,7","248,9","250,1","251,2","252,4","253,5","254,7","255,8","256,9","258,0","258,0","258,0","258,0","258,0","258,0","258,0","258,0","258,0","258,0","258,0","258,0","258,0","258,0","258,0","258,0","258,0","258,0","258,0","258,0","258,0"
70,"176,8","175,5","178,9","177,7","176,8","177,1","164,8","157,9","169,6","177,5","176,9","178,3","179,7","181,1","182,5","183,9","185,3","186,7","188,1","189,4","190,8","192,2","193,5","194,9","196,3","197,6","198,9","200,3","201,6","202,9","204,3","205,6","206,9","208,2","209,5","210,8","212,1","213,4","214,7","215,9","217,2","218,5","219,7","220,9","222,2","223,4","224,6","225,9","227,1","228,3","229,5","230,7","231,8","233,0","234,2","235,4","236,5","237,7","238,8","239,9","241,0","242,2","243,3","244,4","245,5","246,6","247,6","247,6","247,6","247,6","247,6","247,6","247,6","247,6","247,6","247,6","247,6","247,6","247,6","247,6","247,6","247,6","247,6","247,6","247,6","247,6","247,6"
71,"169,0","167,7","171,1","169,9","169,1","169,3","157,3","150,7","161,8","169,6","169,0","170,4","171,7","173,0","174,4","175,7","177,1","178,4","179,7","181,0","182,4","183,7","185,0","186,3","187,6","188,9","190,2","191,5","192,8","194,1","195,3","196,6","197,9","199,1","200,4","201,6","202,9","204,1","205,4","206,6","207,8","209,0","210,2","211,5","212,7","213,8","215,0","216,2","217,4","218,5","219,7","220,9","222,0","223,1","224,3","225,4","226,5","227,6","228,7","229,8","230,9","232,0","233,1","234,2","235,2","236,3","237,3","237,3","237,3","237,3","237,3","237,3","237,3","237,3","237,3","237,3","237,3","237,3","237,3","237,3","237,3","237,3","237,3","237,3","237,3","237,3","237,3"
72,"161,2","160,0","163,4","162,1","161,4","161,6","150,0","143,6","154,2","161,8","161,2","162,5","163,8","165,1","166,3","167,6","168,9","170,2","171,5","172,7","174,0","175,3","176,5","177,8","179,1","180,3","181,6","182,8","184,0","185,3","186,5","187,7","189,0","190,2","191,4","192,6","193,8","195,0","196,2","197,4","198,5","199,7","200,9","202,0","203,2","204,4","205,5","206,6","207,8","208,9","210,0","211,1","212,3","213,4","214,5","215,5","216,6","217,7","218,8","219,8","220,9","221,9","223,0","224,0","225,1","226,1","227,1","227,1","227,1","227,1","227,1","227,1","227,1","227,1","227,1","227,1","227,1","227,1","227,1","227,1","227,1","227,1","227,1","227,1","227,1","227,1","227,1"
73,"153,5","152,3","155,7","154,6","153,8","154,1","142,7","136,7","146,8","154,1","153,5","154,7","156,0","157,2","158,4","159,7","160,9","162,1","163,3","164,6","165,8","167,0","168,2","169,4","170,6","171,8","173,0","174,2","175,4","176,6","177,8","179,0","180,1","181,3","182,5","183,6","184,8","185,9","187,1","188,2","189,4","190,5","191,6","192,7","193,9","195,0","196,1","197,2","198,3","199,4","200,4","201,5","202,6","203,7","204,7","205,8","206,8","207,9","208,9","209,9","210,9","212,0","213,0","214,0","215,0","216,0","217,0","217,0","217,0","217,0","217,0","217,0","217,0","217,0","217,0","217,0","217,0","217,0","217,0","217,0","217,0","217,0","217,0","217,0","217,0","217,0","217,0"
74,"145,9","144,9","148,2","147,0","146,5","146,5","135,6","129,8","139,3","146,5","145,9","147,1","148,3","149,4","150,6","151,8","153,0","154,1","155,3","156,5","157,7","158,8","160,0","161,1","162,3","163,4","164,6","165,7","166,9","168,0","169,2","170,3","171,4","172,5","173,7","174,8","175,9","177,0","178,1","179,2","180,3","181,4","182,4","183,5","184,6","185,7","186,7","187,8","188,8","189,9","190,9","192,0","193,0","194,0","195,1","196,1","197,1","198,1","199,1","200,1","201,1","202,1","203,0","204,0","205,0","205,9","206,9","206,9","206,9","206,9","206,9","206,9","206,9","206,9","206,9","206,9","206,9","206,9","206,9","206,9","206,9","206,9","206,9","206,9","206,9","206,9","206,9"
75,"138,5","137,5","140,8","139,7","139,2","139,2","128,8","123,2","132,1","139,1","138,4","139,6","140,7","141,8","142,9","144,1","145,2","146,3","147,4","148,5","149,7","150,8","151,9","153,0","154,1","155,2","156,3","157,4","158,5","159,6","160,7","161,7","162,8","163,9","165,0","166,0","167,1","168,2","169,2","170,3","171,3","172,4","173,4","174,4","175,5","176,5","177,5","178,5","179,5","180,6","181,6","182,6","183,5","184,5","185,5","186,5","187,5","188,4","189,4","190,4","191,3","192,3","193,2","194,1","195,1","196,0","196,9","196,9","196,9","196,9","196,9","196,9","196,9","196,9","196,9","196,9","196,9","196,9","196,9","196,9","196,9","196,9","196,9","196,9","196,9","196,9","196,9"
76,"131,3","130,3","133,6","132,5","132,1","131,9","121,9","116,8","125,0","131,9","131,1","132,2","133,3","134,3","135,4","136,5","137,5","138,6","139,7","140,7","141,8","142,9","143,9","145,0","146,0","147,1","148,1","149,2","150,2","151,2","152,3","153,3","154,3","155,4","156,4","157,4","158,4","159,5","160,5","161,5","162,5","163,5","164,5","165,5","166,4","167,4","168,4","169,4","170,4","171,3","172,3","173,2","174,2","175,1","176,1","177,0","178,0","178,9","179,8","180,7","181,7","182,6","183,5","184,4","185,3","186,2","187,1","187,1","187,1","187,1","187,1","187,1","187,1","187,1","187,1","187,1","187,1","187,1","187,1","187,1","187,1","187,1","187,1","187,1","187,1","187,1","187,1"
77,"124,3","123,4","126,5","125,4","125,0","124,8","115,3","110,4","118,1","124,8","123,9","125,0","126,0","127,0","128,0","129,0","130,0","131,1","132,1","133,1","134,1","135,1","136,1","137,1","138,1","139,1","140,1","141,1","142,1","143,1","144,1","145,0","146,0","147,0","148,0","149,0","149,9","150,9","151,9","152,8","153,8","154,7","155,7","156,6","157,6","158,5","159,4","160,4","161,3","162,2","163,1","164,1","165,0","165,9","166,8","167,7","168,6","169,5","170,4","171,2","172,1","173,0","173,9","174,7","175,6","176,5","177,3","177,3","177,3","177,3","177,3","177,3","177,3","177,3","177,3","177,3","177,3","177,3","177,3","177,3","177,3","177,3","177,3","177,3","177,3","177,3","177,3"
78,"117,5","116,6","119,6","118,6","118,2","117,7","108,8","104,2","111,4","117,8","116,9","117,9","118,9","119,8","120,8","121,7","122,7","123,7","124,6","125,6","126,5","127,5","128,4","129,4","130,3","131,3","132,2","133,2","134,1","135,1","136,0","136,9","137,9","138,8","139,7","140,6","141,6","142,5","143,4","144,3","145,2","146,1","147,0","147,9","148,8","149,7","150,6","151,5","152,4","153,3","154,2","155,0","155,9","156,8","157,6","158,5","159,3","160,2","161,0","161,9","162,7","163,6","164,4","165,2","166,1","166,9","167,7","167,7","167,7","167,7","167,7","167,7","167,7","167,7","167,7","167,7","167,7","167,7","167,7","167,7","167,7","167,7","167,7","167,7","167,7","167,7","167,7"
79,"110,9","110,0","113,0","112,0","111,6","110,8","102,5","98,2","104,8","111,0","110,1","111,0","111,9","112,8","113,7","114,6","115,6","116,5","117,4","118,3","119,2","120,1","121,0","121,9","122,8","123,7","124,6","125,4","126,3","127,2","128,1","129,0","129,9","130,8","131,6","132,5","133,4","134,3","135,1","136,0","136,9","137,7","138,6","139,4","140,3","141,1","142,0","142,8","143,7","144,5","145,3","146,2","147,0","147,8","148,6","149,5","150,3","151,1","151,9","152,7","153,5","154,3","155,1","155,9","156,7","157,4","158,2","158,2","158,2","158,2","158,2","158,2","158,2","158,2","158,2","158,2","158,2","158,2","158,2","158,2","158,2","158,2","158,2","158,2","158,2","158,2","158,2"
80,"104,5","103,8","106,6","105,6","105,1","104,0","96,4","92,3","98,3","104,4","103,5","104,3","105,2","106,0","106,9","107,7","108,6","109,5","110,3","111,2","112,0","112,8","113,7","114,5","115,4","116,2","117,1","117,9","118,8","119,6","120,4","121,3","122,1","122,9","123,8","124,6","125,4","126,2","127,0","127,9","128,7","129,5","130,3","131,1","131,9","132,7","133,5","134,3","135,1","135,9","136,7","137,5","138,3","139,1","139,8","140,6","141,4","142,2","142,9","143,7","144,4","145,2","146,0","146,7","147,5","148,2","148,9","148,9","148,9","148,9","148,9","148,9","148,9","148,9","148,9","148,9","148,9","148,9","148,9","148,9","148,9","148,9","148,9","148,9","148,9","148,9","148,9"
81,"98,4","97,7","100,4","99,5","98,9","97,6","90,5","86,6","92,0","97,9","97,1","97,9","98,7","99,5","100,3","101,1","101,9","102,7","103,5","104,3","105,1","105,9","106,6","107,4","108,2","109,0","109,8","110,6","111,4","112,2","113,0","113,7","114,5","115,3","116,1","116,9","117,6","118,4","119,2","119,9","120,7","121,5","122,2","123,0","123,8","124,5","125,3","126,0","126,8","127,5","128,3","129,0","129,8","130,5","131,2","132,0","132,7","133,4","134,1","134,9","135,6","136,3","137,0","137,7","138,4","139,1","139,8","139,8","139,8","139,8","139,8","139,8","139,8","139,8","139,8","139,8","139,8","139,8","139,8","139,8","139,8","139,8","139,8","139,8","139,8","139,8","139,8"
82,"92,6","92,0","94,5","93,6","93,0","91,3","84,8","81,1","86,2","91,8","90,9","91,7","92,4","93,1","93,9","94,6","95,4","96,1","96,9","97,6","98,4","99,1","99,8","100,6","101,3","102,1","102,8","103,5","104,3","105,0","105,7","106,5","107,2","107,9","108,7","109,4","110,1","110,8","111,6","112,3","113,0","113,7","114,4","115,1","115,9","116,6","117,3","118,0","118,7","119,4","120,1","120,8","121,5","122,2","122,9","123,5","124,2","124,9","125,6","126,3","127,0","127,6","128,3","129,0","129,6","130,3","131,0","131,0","131,0","131,0","131,0","131,0","131,0","131,0","131,0","131,0","131,0","131,0","131,0","131,0","131,0","131,0","131,0","131,0","131,0","131,0","131,0"
83,"87,1","86,5","88,8","88,1","87,5","85,4","79,4","75,8","80,4","85,8","85,0","85,7","86,4","87,1","87,8","88,5","89,2","89,8","90,5","91,2","91,9","92,6","93,3","94,0","94,7","95,4","96,0","96,7","97,4","98,1","98,8","99,5","100,1","100,8","101,5","102,2","102,9","103,5","104,2","104,9","105,5","106,2","106,9","107,5","108,2","108,9","109,5","110,2","110,9","111,5","112,2","112,8","113,5","114,1","114,8","115,4","116,0","116,7","117,3","118,0","118,6","119,2","119,9","120,5","121,1","121,7","122,4","122,4","122,4","122,4","122,4","122,4","122,4","122,4","122,4","122,4","122,4","122,4","122,4","122,4","122,4","122,4","122,4","122,4","122,4","122,4","122,4"
84,"81,7","81,3","83,4","82,7","82,3","80,0","74,3","70,9","75,0","80,2","79,4","80,0","80,7","81,3","81,9","82,6","83,2","83,9","84,5","85,1","85,8","86,4","87,0","87,7","88,3","89,0","89,6","90,2","90,9","91,5","92,1","92,8","93,4","94,0","94,6","95,3","95,9","96,5","97,2","97,8","98,4","99,0","99,6","100,3","100,9","101,5","102,1","102,7","103,3","103,9","104,5","105,1","105,8","106,4","107,0","107,6","108,2","108,7","109,3","109,9","110,5","111,1","111,7","112,3","112,9","113,5","114,0","114,0","114,0","114,0","114,0","114,0","114,0","114,0","114,0","114,0","114,0","114,0","114,0","114,0","114,0","114,0","114,0","114,0","114,0","114,0","114,0"
85,"76,8","76,3","78,3","77,6","77,4","75,0","69,4","66,2","69,8","74,9","74,0","74,6","75,2","75,8","76,4","77,0","77,6","78,2","78,8","79,3","79,9","80,5","81,1","81,7","82,3","82,9","83,5","84,0","84,6","85,2","85,8","86,4","87,0","87,5","88,1","88,7","89,3","89,8","90,4","91,0","91,6","92,1","92,7","93,3","93,9","94,4","95,0","95,6","96,1","96,7","97,3","97,8","98,4","98,9","99,5","100,0","100,6","101,1","101,7","102,2","102,8","103,3","103,9","104,4","105,0","105,5","106,0","106,0","106,0","106,0","106,0","106,0","106,0","106,0","106,0","106,0","106,0","106,0","106,0","106,0","106,0","106,0","106,0","106,0","106,0","106,0","106,0"
86,"72,0","71,6","73,4","72,8","72,7","70,3","64,8","61,9","65,2","69,8","69,0","69,6","70,1","70,6","71,2","71,7","72,3","72,8","73,3","73,9","74,4","75,0","75,5","76,0","76,6","77,1","77,7","78,2","78,7","79,3","79,8","80,3","80,9","81,4","81,9","82,5","83,0","83,5","84,1","84,6","85,1","85,6","86,2","86,7","87,2","87,7","88,2","88,8","89,3","89,8","90,3","90,8","91,3","91,9","92,4","92,9","93,4","93,9","94,4","94,9","95,4","95,9","96,4","96,9","97,4","97,9","98,4","98,4","98,4","98,4","98,4","98,4","98,4","98,4","98,4","98,4","98,4","98,4","98,4","98,4","98,4","98,4","98,4","98,4","98,4","98,4","98,4"
87,"67,4","67,1","68,8","68,3","68,4","65,9","60,6","57,8","60,7","65,2","64,3","64,8","65,3","65,8","66,3","66,8","67,3","67,8","68,3","68,8","69,3","69,7","70,2","70,7","71,2","71,7","72,2","72,7","73,2","73,7","74,2","74,7","75,1","75,6","76,1","76,6","77,1","77,6","78,0","78,5","79,0","79,5","80,0","80,4","80,9","81,4","81,9","82,3","82,8","83,3","83,8","84,2","84,7","85,2","85,6","86,1","86,6","87,0","87,5","88,0","88,4","88,9","89,3","89,8","90,2","90,7","91,2","91,2","91,2","91,2","91,2","91,2","91,2","91,2","91,2","91,2","91,2","91,2","91,2","91,2","91,2","91,2","91,2","91,2","91,2","91,2","91,2"
88,"63,1","62,9","64,5","64,1","64,2","61,7","56,6","54,1","56,6","60,8","60,0","60,4","60,9","61,3","61,8","62,2","62,7","63,1","63,6","64,0","64,4","64,9","65,3","65,8","66,2","66,7","67,1","67,6","68,0","68,5","68,9","69,3","69,8","70,2","70,7","71,1","71,5","72,0","72,4","72,9","73,3","73,7","74,2","74,6","75,0","75,5","75,9","76,3","76,8","77,2","77,6","78,0","78,5","78,9","79,3","79,7","80,2","80,6","81,0","81,4","81,8","82,2","82,7","83,1","83,5","83,9","84,3","84,3","84,3","84,3","84,3","84,3","84,3","84,3","84,3","84,3","84,3","84,3","84,3","84,3","84,3","84,3","84,3","84,3","84,3","84,3","84,3"
89,"59,0","58,9","60,3","60,0","60,1","57,7","53,0","50,6","52,8","56,9","55,9","56,3","56,8","57,2","57,6","58,0","58,4","58,8","59,2","59,6","60,0","60,4","60,8","61,2","61,6","62,0","62,4","62,8","63,2","63,6","64,0","64,4","64,8","65,2","65,6","66,0","66,4","66,8","67,2","67,6","68,0","68,4","68,7","69,1","69,5","69,9","70,3","70,7","71,1","71,5","71,8","72,2","72,6","73,0","73,4","73,7","74,1","74,5","74,9","75,3","75,6","76,0","76,4","76,7","77,1","77,5","77,9","77,9","77,9","77,9","77,9","77,9","77,9","77,9","77,9","77,9","77,9","77,9","77,9","77,9","77,9","77,9","77,9","77,9","77,9","77,9","77,9"
90,"55,2","55,1","56,5","56,2","56,3","53,9","49,6","47,4","49,3","53,0","52,3","52,6","53,0","53,4","53,7","54,1","54,5","54,8","55,2","55,5","55,9","56,3","56,6","57,0","57,3","57,7","58,0","58,4","58,8","59,1","59,5","59,8","60,2","60,5","60,9","61,2","61,6","61,9","62,3","62,6","63,0","63,3","63,7","64,0","64,4","64,7","65,0","65,4","65,7","66,1","66,4","66,8","67,1","67,4","67,8","68,1","68,4","68,8","69,1","69,4","69,8","70,1","70,4","70,8","71,1","71,4","71,7","71,7","71,7","71,7","71,7","71,7","71,7","71,7","71,7","71,7","71,7","71,7","71,7","71,7","71,7","71,7","71,7","71,7","71,7","71,7","71,7"
91,"51,6","51,5","52,8","52,6","52,7","50,3","46,4","44,4","46,1","49,6","48,9","49,3","49,6","49,9","50,2","50,6","50,9","51,2","51,5","51,8","52,1","52,5","52,8","53,1","53,4","53,7","54,0","54,4","54,7","55,0","55,3","55,6","55,9","56,2","56,5","56,8","57,1","57,4","57,8","58,1","58,4","58,7","59,0","59,3","59,6","59,9","60,2","60,5","60,8","61,1","61,4","61,7","62,0","62,3","62,6","62,9","63,1","63,4","63,7","64,0","64,3","64,6","64,9","65,2","65,5","65,8","66,0","66,0","66,0","66,0","66,0","66,0","66,0","66,0","66,0","66,0","66,0","66,0","66,0","66,0","66,0","66,0","66,0","66,0","66,0","66,0","66,0"